Title,Company,Posted on,Location,Experience,Skills
Python Developer,Techasoft Pvt Ltd,2025-09-20,Bengaluru,0-3 Years,"python, javascript, docker, django, postgresql, oops, mysql, mongodb, opencv"
Python Developer,Bright Vision Technologies,2025-09-22,Chennai,1-5 Years,"python programming, software development, testing and debugging, database management, version control, css, sql, git, html, software engineering, javascript, django, web technologies, it professional"
Python Developer,CONNECTING 2 WORK,2025-09-21,Cochin,2-5 Years,"python, storage, sql, security, database, django, git, postgresql, oops, debugging, mysql, api"
Python Developer,CONNECTING 2 WORK,2025-09-21,Bengaluru,0-3 Years,"python, cache, rest api, storage, javascript, react.js, database, django, apache, postgresql, web technologies, .net, web development, mysql, angularjs"
Python Developers,botree technologies,2025-09-20,Ahmedabad,3-6 Years,"security compliance, python, html5, svn, javascript, database, django, git, web developer, debugging"
Python Developer,AxisTechnolabs,2025-09-20,Ahmedabad,0-1 Years,"python, css, user interaction, bootstrap, openerp, database, xml, oops, html"
Python Developer,SEVEN CONSULTANCY,2025-09-20,Surat,9-12 Years,"python programming, programming language, front-end developer"
Python Developer,CONNECTING 2 WORK,2025-09-21,Bengaluru,5-8 Years,"python, css, github, hosting, bug fixing, bootstrap, javascript, jquery, django, heroku, json, html, api"
Python Developer,ORACLE,2025-09-23,Hyderabad,2-5 Years,"python development, software architecture, agile methodologies, web frameworks, problem solving, css, software engineering, html, oracle, javascript, git, debugging, cloud computing, django"
Python Developer,"o9 Solutions, Inc.",2025-09-22,Netherlands,3-6 Years,"software engineering, database management, machine learning, cloud infrastructure, agile methodologies, hive, sql, hadoop, mongodb, python, telerik, team player, javascript"
